"name","summary","image_path","category","ingredients","instructions"
"Курица, тушенная в кисло-сладком соусе","На приготовление курицы с овощами по-китайски требуется совсем немного времени.","1.jpeg","Китайская кухня","Куриное филе - 2 шт. (500 г)
Перец сладкий - 1 шт. (150 г)
Морковь - 1 шт. (100 г)
Кетчуп томатный - 100 г
Перец острый молотый - 0,5 ч. ложки
или перец острый свежий - 0,5 шт. (по вкусу)
Сахар - 1 ст. ложка
Крахмал кукурузный - 1 ст. ложка
Соевый соус - 3 ст. ложки
Масло растительное - 1 ст. ложка
Имбирь свежий (корень) - 10 г
Кунжут (семена) - 1 ч. ложка","1)Подготовьте все необходимые ингредиенты.
Блюдо готовится быстро, поэтому всё должно быть под рукой.
Вместо острого молотого перца можно взять свежий острый перец. Вымойте, очистите и нарежьте его колечками.
2)Куриное филе нарежьте небольшими кубиками размером примерно 2х2 см.
3)Сладкий перец очистите от семян и хвостика и нарежьте кусочками примерно такого же размера, как и куриное филе. Морковь очистите и нарежьте полукружиями.
4)Разогрейте в сковороде с толстым дном или сотейнике растительное масло. Обжарьте на нём куриное филе на сильном огне до выпаривания жидкости, примерно 7-8 минут.
5)Добавьте в сковороду морковь и перец, обжарьте всё вместе на среднем огне ещё 5-7 минут, помешивая.
6)Имбирь натрите на мелкой тёрке.Добавьте в сковороду острый молотый перец (или колечки острого перца) и имбирь. Переложите в сковороду томатный кетчуп, перемешайте.
7)Переложите в сковороду томатный кетчуп, перемешайте. Добавьте соевый соус, перемешайте и тушите на среднем огне 5-7 минут.
Такое блюдо из курицы замечательно сочетается с отварным рисом. Нежные кусочки куриного филе и сочные овощи в оригинальном кисло-сладком соусе с остринкой - идеально!"


"Китайский томатный суп с яйцами","Чтобы разнообразить обеденное меню, приготовьте этот оригинальный китайский пряный суп из помидоров с яйцами.","2.jpg","Китайская кухня","Куриные голени - 5 шт.
Корень имбиря - 1 кусочек (5 см)
Лук репчатый - 1 шт.
Чеснок - 3-4 зубчика
Морковь - 1 шт.
Яйца - 2 шт.
Соль - по вкусу
Перец черный молотый - по вкусу
Лук зеленый - 5-6 перышек
Вода - 1,5 л
Для томатной заправки:
Помидоры - 2 шт.
Корень имбиря - 1 кусочек (5 см)
Соус соевый - 3 ст. ложки
Масло кунжутное (темное) - 1 ст. ложка
Масло подсолнечное - 2 ст. ложки
Перец черный молотый - 1 щепотка
Соль - 1 щепотка
Сахар - 2 щепотки","1)Подготавливаем необходимые продукты.Вместо куриных голеней можно взять любые части курицы, кроме грудки, т.к. она не даст необходимого насыщенного бульона.
2)Части курицы в кастрюле заливаем холодной водой и ставим на огонь. Доводим воду до кипения и варим курицу на минимальном огне без соли и специй 5 минут.
3)Пока варится курица, очищаем лук, морковь и корень имбиря для бульона.Лук и морковь нарезаем крупными кусочками.Корень имбиря нарезаем тонкими кружочками.
4)Разогреваем сухую сковороду, выкладываем туда нарезанные лук с морковью и обжариваем до тех пор, пока их края не начнут слегка обугливаться. Корень имбиря обжаривать не нужно.
5)Спустя 5 минут после варки курицы сливаем воду из кастрюли.Снова заливаем курицу 1,5 л чистой холодной воды и ставим на огонь. Доводим воду до кипения и добавляем обжаренные лук с морковью. Затем добавляем кружочки имбиря, соль и черный молотый перец. Уменьшаем огонь и варим бульон на маленьком огне в течение 1 часа.
6)Выкладываем нарезанные помидоры в сковороду к чесноку с имбирём. Добавляем соевый соус, соль, сахар и черный молотый перец. Чтобы усилить аромат, можно взять перец горошком и самостоятельно смолоть с помощью мельнички для специй.
Тушим томатную заправку для супа до густоты и мягкости помидоров. Пробуем на вкус, при необходимости добавляем еще соли и перца. Выключаем огонь.
7)Из готового бульона достаём куриное мясо. Бульон процеживаем, возвращаем в кастрюлю и ставим на огонь. Добавляем томатную заправку, доводим бульон до кипения и варим 2-3 минуты.С помощью вилки взбиваем яйца в тарелке.
8)Затем, постоянно помешивая кипящий бульон, тонкой струйкой вливаем в кастрюлю взбитые яйца. В результате сырые яйца в кипящем супе схватываются белыми нитями.
9)Разливаем томатный суп с яйцами по тарелкам. В тарелку с супом кладём немного нарезанного зелёного лука.
В каждую порцию супа при подаче можно добавить вареное куриное мясо, тогда обед будет сытнее. Суп можно подать как в горячем, так и в холодном виде."

"Баклажаны по-китайски","Вкуснейшие баклажаны, приготовленные в азиатском стиле, с чесноком, острым перцем и соевым соусом.","3.jpg","Китайская кухня","Баклажаны – 2 шт.
Чеснок – 3 зубчика
Лук зеленый – 2-3 стебля
Перец острый – 0,25 шт.
Крахмал – 2 ст. л.
Соевый соус – 3 ст. л.
Вода кипяченая – 100 мл
Кунжут
Масло подсолнечное","1)Подготовить продукты для приготовления баклажанов по-китайски.
2)Баклажаны нарезать небольшими брусочками, примерно 5-6 см в длину и 1-2 см в сечении.
3)Сложить баклажаны в пакет, добавить крахмал. Закрыть пакет и хорошо его встряхнуть. Баклажаны покроются равномерным слоем крахмала.
4)Измельчить чеснок ножом или выдавить через пресс.Мелко нарезать острый перец.
5)Приготовить соус из чеснока, острого перца, воды и соевого соуса.Подготовить зеленый лук. Нарезать его не сильно мелко.
6)Баклажаны обжарить со всех сторон на небольшом количестве подсолнечного масла. Обжаривать порциями, выкладывая баклажаны в один слой.
7)Обжаренные баклажаны вернуть в сковороду и добавить к ним соус. Хорошо, но аккуратно перемешать.
8)Накрыть крышкой на 2-3 минутки. Соус впитается и его практически не станет. Это нормально.
Выложить баклажаны на тарелку, посыпать кунжутом (по желанию) и добавить зеленый лук. Вкуснейшая закуска из баклажанов готова."

"Фунчоза с грибами,перцем и морковью","Благодаря моркови и болгарскому перцу блюдо получается довольно ярким и сочным.","4.png","Китайская кухня","Фунчоза - 100 г
Шампиньоны - 250 г
Перец болгарский красный - 80 г (0,25 шт.)
Морковь - 80 г (0,5 шт.)
Лук репчатый - 70 г (0,5 шт.)
Чеснок - 2 зубчика
Соевый соус - 40 мл
Имбирь молотый - 0,5 ч. ложки
Сахар - 0,5 ч. ложки
Соль - щепотка (по вкусу)
Перец чёрный молотый - щепотка (по вкусу)
Масло растительное - 30 мл (2 ст. ложки)
Для подачи (по желанию):
Кунжут (семена) - 0,5 ч. ложки
Зелень петрушки - 1 веточка","1)Подготовить все продукты по списку.Отдельно любым способом довести до кипения воду (200-350 мл).
2)Фунчозу выложить в миску или кастрюлю, залить кипятком и оставить на 5 минут (или согласно времени, указанному на упаковке).
3)Спустя 5 минут воду слить, фунчозу промыть холодной водой и на время отставить в сторону.
4)Очищенную морковь натереть на тёрке для корейской моркови.
5)Сладкий перец, очищенный от семян с внутренними перегородками, нарезать тонкими полосками.
6)В сковороде разогреть растительное масло, выложить туда лук, морковь, чеснок и перец. Обжарить овощи, помешивая, на среднем огне, 4 минуты.
7)Шампиньоны промыть и обсушить (можно протереть грибы влажными кухонными полотенцами). Нарезать грибы тонкими пластинами.
8)Добавить в сковороду грибы.Обжаривать ещё 5 минут, помешивая, чтобы овощи и грибы не пригорели.Добавить в сковороду сахар, имбирь, соль и перец по вкусу.
9)Влить соевый соус. Готовить всё 2-3 минуты.Затем добавить в сковороду фунчозу.Перемешать все ингредиенты двумя вилками или лопатками и прогреть пару минут.
При желании посыпать блюдо кунжутом и мелко нарезанной свежей зеленью. Получилось очень вкусно."

"Пирожки с картошкой по-китайски","Вкусный новый рецепт, который попробуем повторить у себя на кухне. Еще один вариант пирожков с картошкой.","5.jpg","Китайская кухня","Для теста:
Мука - 540 г
Вода (теплая) - 210 мл
Дрожжи сухие - 1 ч. ложка
Соль - 1 ч. ложка
Сахар - 1 ч. ложка
Масло растительное - 40 мл + для смазывания заготовок
Для начинки:
Картофель - 5 шт.
Грудинка (бекон) - 100 г
Лук репчатый - 1 шт.
Зелень укропа - по вкусу
Соль - по вкусу
Перец черный молотый - по вкусу","1)Для начала подготавливаем всё для теста.
2)В теплую воду добавляем ложку муки, дрожжи и сахар. Перемешиваем и даём постоять минут 10.
3)После чего вливаем в муку воду с дрожжами, добавляем соль и растительное масло. Замешиваем мягкое тесто.Готовое тесто накрываем в чашке пленкой и убираем в теплое место на 1 час. За это время спокойно приготовим начинку.
4)Грудинку (бекон) режем на тонкие пластинки и обжариваем на сковороде с растительным маслом. Готовые кусочки бекона нарезаем тонкой соломкой.
5)Картофель натираем на терке тонкой соломкой. Промываем тёртый картофель холодной водой и хорошо отжимаем.В чашку с картошкой натираем лук на крупной терке. Добавляем соль и черный перец.
6)Туда же добавляем грудинку и нарезанную зелень укропа. Перемешиваем, и начинка для пирожков готова.
7)Тесто делим на 8 частей. Смазываем каждую заготовку растительным маслом и даём постоять под пленкой 10 минут.
8)Теперь раскатываем тесто в хорошую лепешку. Выкладываем начинку, по 1,5-2 ст. ложки на каждую лепешку.
9)Формируем пирожки с картошкой. Напоминают чебуреки, только картофельной начинки много.
10)Обжариваем пирожки с картошкой в разогретом растительном масле. Одну сторону - на среднем огне, а когда перевернем - убавляем огонь до минимума, накрываем крышкой и жарим пирожки до готовности.
Большие и вкусные пирожки! В начинке всё отлично сочетается: картошечка пропарилась, грудинка, укроп и черный перец - очень вкусно!"

"Чашушули","Чашушули - это ароматное блюдо грузинской кухни Мясо тушится в томатном соке продолжительное время.","6jpg.jpg","Грузинская кухня","Говядина – 1 кг
Помидоры – 0,5 кг
Перец болгарский – 2 шт.
Лук репчатый – 2 шт.
Чеснок – 4 зубчика
Петрушка свежая – по вкусу
Укроп свежий – по вкусу
Кинза свежая – по вкусу
Аджика – 2 ст. ложки
Уцхо-сунели – 1 ч. ложка
Хмели-сунели – 1 ч. ложка
Кориандр – 1 ч. ложка
Лавровый лист – 2 шт.
Перец душистый горошком – 5 шт.","1)Нарезаем говядину кусочками примерным размером 3 на 3 или 4 на 4 см. Лук нарезаем полукольцами. В глубокой миске смешиваем лук с говядиной, добавив соль и аджику. Оставляем мясо мариноваться.
2)Очищаем чеснок и произвольно его нарезаем. Болгарский перец нарезаем кубиками.
3)У каждого помидора делаем крестообразный надрез. Перекладываем помидоры в глубокую ёмкость. Заливаем их кипятком и оставляем на 1 минуту. Затем снимаем с помидоров кожицу и измельчаем их при помощи блендера.
4)Произвольно нарезаем укроп, петрушку, и кинзу.
6)Ставим казан на очаг. Разводим огонь. Наливаем в казан масло и разогреваем его. Выкладываем мясо с луком. Обжариваем его в казане. Закрываем казан крышкой и тушим мясо на протяжении 30 минут.
7)Через пол часа жидкость из казана должна будет полностью выпариться. Пришло время добавлять болгарский перец. Перемешиваем содержимое казана и накрываем его крышкой, чтобы болгарский перец и специи раскрыли свой вкус и аромат.
8)Через 5 минут открываем казан и добавляем в него перетертые томаты. Перемешиваем содержимое казана. Добавляем сахар и соль. Перемешиваем содержимое казана. И оставляем тушиться до полной готовности мяса. Примерно на это уйдёт часа 1.5 – 2.
9)Когда мясо будет готово отправляем в казан чеснок и зелень. Перемешиваем и накрываем крышкой. Снимаем казан с огня и даём ему постоять 15 минут.
Блюдо готово! Подавайте его на стол горячим вместе с лавашем, чтобы им можно было собрать ароматную подливку. Приятного аппетита!"

"Оджахури","Оджахури - это мясо с картошкой, простое блюдо грузинской кухни для всей семьи (оджахури по-грузински-семейное)","7.jpg","Грузинская кухня","Свинина (шейная часть) – 220 г
Картофель – 3 шт.
Помидор (крупный) – 1 шт.
Лук репчатый – 1 шт.
Чеснок – 2-3 зубчика
Масло растительное – 90 г
Соль – по вкусу
Специи (хмели-сунели или другие) – по вкусу
Зелень свежая (укроп, базилик, кинза) – по вкусу","1)Мясо нарезаем небольшими кусочками.В сковороду вливаем растительное масло (примерно половину указанного количества), разогреваем его. Выкладываем в разогретое масло нарезанную свинину.
2)Поджариваем мясо до золотистой корочки.
3)Лук очищаем и нарезаем тонкими полукольцами. Переправляем на сковороду к свинине. Перемешиваем. Лук должен прожариться до золотистого оттенка.
4)Картофель чистим и нарезаем дольками. Параллельно с мясом в другой сковороде обжариваем картофель в оставшемся растительном масле. Приправляем немного солью и специями.
5)Поджаренный картофель добавляем на сковороду к свинине с луком.
6)Очищенные зубчики чеснока нарезаем тонкой соломкой. Чеснок отправляем к мясу с картошкой.
7)Добавляем по вкусу соль и специи (хмели-сунели). Можно также добавить часть мелко порубленной зелени.
8)Помидор нарезаем дольками, выкладываем в сковороду с картофелем и мясом. Тушим оджахури примерно две минуты.
Выкладываем готовое оджахури на тарелку, присыпаем рубленой зеленью."

"Аджапсандал","Аджапсандал или аджапсандали — ароматное блюдо из баклажанов, помидоров и сладкого перца.","8.jpg","Грузинская кухня","Баклажаны - 1 кг
Помидоры - 700 г
Перец сладкий - 500 г
Морковь - 500 г
Лук репчатый - 250 г
Чеснок - 6 зубчиков
Перец чили стручковый свежий - 1 шт.
Базилик свежий - 10 г
Кинза - 30 г
Петрушка свежая - 10 г
Уцхо-сунели - 1/2 ч. л.
Шафран - 1/2 ч. л.
Перец черный молотый - 1/2 ч. л.
Кориандр молотый - 1/2 ч. л.
Соль крупная - 1 ч. л.
Соль - 3 ст. л.
Масло растительное - 80 мл","1)Баклажаны нарезать полукружиями толщиной 7-8 мм, посыпать 3 ст. л. соли и хорошо перемешать. Оставить баклажаны на 30 минут. Затем промыть под проточной водой от соли и хорошо отжать.
2)Тем временем лук нарезать мелкими кубиками.Морковь разрезать пополам и нарезать половинками кружочков толщиной 5 мм.Сладкий перец нарезать брусочками.
3)Помидоры натереть на крупной терке, кожицу выбросить.
4)Разогреть на сковороде 60 мл растительного масла, выложить баклажаны и обжарить их до готовности, примерно 15 минут. Баклажаны должны быть мягкими, но не превратиться в кашу. Переложить баклажаны в отдельную посуду.
5)На той же сковороде обжарить перец до готовности, на среднем огне, примерно 10-15 минут. При необходимости добавить растительное масло. Перец должен быть мягким, но не потерять форму. Перец тоже снять со сковороды.
6)Обжарить лук 3 минуты.Добавить морковь, закрыть крышкой и тушить примерно 20 минут. Морковь должна быть мягкая, но не потерять форму.
7)Петрушку, базилик и кинзу мелко нашинковать. В ступке раздавить чеснок, добавить кинзу и 1 ч. л. крупной соли, все перемешать до однородной пасты.
8)В кастрюлю с толстым дном выложить обжаренные баклажаны, перец, лук с морковью, острый перец, натертые помидоры, базилик, петрушку, шафран, уцхо-сунели, молотый кориандр, молотый перец и всё хорошо перемешать.
9)Тушить овощи на слабом огне 15 минут.Добавить кинзу с чесноком и перемешать.
Аджапсандали готово. Нежнейшее овощное рагу, в котором чудесным образом различимый вкус каждого овоща создает неповторимый кулинарный шедевр."

"Хачапури по-аджарски"," Тесто замечательное, интересный процесс приготовления, а вкус - не передать, просто сказка!","9.jpg","Грузинская кухня","Молоко (теплое) - 125 мл
Вода (теплая) - 125 мл
Яйцо - 1 шт.
Масло растительное - 2 ст. ложки
Мука - 400 г
Дрожжи сухие - 7 г (1 маленький пакетик)
Сахар - 2 ч. ложки
Соль - 1 ч. ложка
Сыр моцарелла (твёрдый) - 200 г
Сыр адыгейский - 250 г
Яйца - 4-5 шт.
Масло сливочное - 100 г","1)Подготавливаем продукты для теста. Муку обязательно просеиваем. Вода и молоко должны быть теплыми.
2)В чаше смешиваем воду и молоко. Добавляем сахар, дрожжи и пару ложек муки - это будет опара. Убираем в теплое место минут на 10.
3)Дрожжи активизировались, взялись хорошей шапкой. Теперь отправляем в опару яйцо, растительное масло, соль. Перемешиваем.
4)Постепенно вводим всю муку. Поначалу тесто будет липким. Ничего страшного, так и должно быть. Прилагаем усилия - замешиваем тесто минут 10.
5)Через 10 минут тесто хорошо собралось в шар. Оно еще липкое, но уже не пристает к рукам.
6)Дрожжевое тесто убираем в чашу, накрываем крышкой (пленкой), оставляем в теплом месте и даем увеличиться в объеме. Это займет 50-60 минут.
7)Через час тесто достаем и хорошо обминаем.  Ему (тесту) от этого будет только лучше. Хорошо вымесили - убираем еще на час в теплое место.
8)Пока тесто для хачапури по-аджарски подходит, займемся начинкой. Традиционно для хачапури используется имеретинский сыр, но я сегодня взял адыгейский сыр и твёрдую моцареллу.
9)Весь сыр натираем на крупной терке. Добавляем сливочное масло  и хорошо все перемешиваем. Куриные яйца хорошо моем.
10)Раскатываем шарики в тонкую круглую лепешку толщиной 3-4 мм.Противоположные края лепешек смазываем начинкой.Защипываем края. Получилась лодочка!
11)Переносим лодочку на противень, смазываем яйцом и выкладываем в середину начинку.
12)К этому времени духовку разогрели до 220 градусов. Отправляем хачапури по-аджарски в духовку и выпекаем до слегка золотистой корочки.
Хачапури по-аджарски готовы! Лучше успеть съесть горячими, пока кто-нибудь не отобрал.Очень вкусно получилось, всем рекомендую приготовить!"

"Хинкали","Сейчас уже невозможно достоверно говорить о том,как появились хинкали,но тот факт,что Грузия без хинкали не Грузия, никто оспорить не сумеет.","10.jpeg","Грузинская кухня","Для теста:
Мука - 2 стакана
Вода (очищенная) холодная - 1 стакан
Масло растительное - 1 ст. ложка
Соль - 1 ч. ложка
Для начинки:
Фарш мясной (баранина и говядина) - 600 г
Вода холодная - 1 стакан
Соль
Перец черный молотый
Кинза свежая","1)Начнем с теста. Первым делом нам необходимо просеять на стол горкой муку. Сколько? Если вы готовите на двоих, то хватит двух стаканов, если на четверых, то, соответственно, берите 4 стакана. Ну и дальше в такой прогрессии. Муку просеиваем, собираем горкой, а наверху делаем углубление, куда вливаем столовую ложку растительного масла и всыпаем чайную ложку соли. Теперь берём стакан охлажденной чистой воды и, постепенно вливая её, замешиваем тесто.
Замешиваем тщательно, не жалея времени и сил - тесто должно получиться упругим. Сама технология замешивания такого теста проста и давно известна. Только я бы рекомендовал тем, кто готовит на небольшое количество едоков, все-таки воспользоваться глубокой миской. А то вода,знаете, имеет свойство утекать в самые неожиданные места. Например, на кулинарную книгу, которой вы пользуетесь. :-) Итак, когда тесто вымешано, накрываем его и оставляем на полчаса отдохнуть.
2)Теперь самое время заняться фаршем. В идеале это должно быть порубленное вручную мясо - смесь баранины и говядины. Но у меня, знаете, оказался под рукой уже готовый фарш, так что я немного схитрил. Особых специй фарш для хинкали не требует - соль и черный перец вполне гармонично украсят вкус мяса, в горах как-то не до изысков. Сейчас в городах существует уже очень много вариаций хинкали, где в начинку добавляется и сыр, и зелень, и грибы. Но я решил придерживаться классики. Только немного порубленной кинзы от себя и всё.
Фарш нужно хорошо вымесить, понемногу вливая в него холодную воду. Так, чтобы фарш еще не превратился в размазню, но и чтобы воды было довольно много. На 600 грамм - стакан воды. Здесь кроется секрет волшебного бульона, который в хинкали обязателен в любом случае. Вот вроде и всё с фаршем.
3)Прошло 30 минут, и теперь совсем всё готово для того, чтобы приступить к лепке чудеснейших хинкали. Разделяем кусок теста на две части и одну часть раскатываем на столе. Раскатываем тонко, буквально толщиной в 2-3 мм. Теперь берем круглую форму, например какую-то чашку, диаметром сантиметров 15. А хинкали вообще должны быть большими, некоторые делают их и того больше - размером с тарелку. Так вот, нарезали этих кругов, обрезки отправили к остальному тесту, а сами круги слегка раскатываем так, чтобы в середке тесто было потолще, а по краям утоньшалось.
4)В серединку заготовки кладем столовую ложку фарша. Меньше класть не стоит - это все-таки хинкали, но и больше не рекомендую - места для бульона не останется.
5)Защипываем тесто посредине. Это не обязательный этап, но кому-то так может оказаться легче.
6)Теперь меленькими защипами собираем тесто мешочком кверху. Мастерством повара считается сделать 25 защипов в одном хинкали. Но можно и меньше - вы же не в соревнования участвуете. Главное, чтобы всё было ровно, а сама пипка была плотно защиплена. Потому что надо взяться за неё и слегка потянуть вверх, освобождая внутри место для будущего бульона. А потом можно её немного закрутить - для красоты.
7)Ну вот, осталось только вскипятить в большой кастрюле или казане подсоленной воды и опустить туда наши хинкали вариться где-то на 15 минут. Активно помешивать их не рекомендуется, но все-таки и позволять им прилипнуть ко дну не надо. Пусть варятся хорошо. И следите, чтобы вода не убежала через край."

"Творожное бланманже с ананасом","Бланманже из творога с ананасами - восхитительный, нежный десерт. Вместо ананасов можно использовать любые консервированные или свежие фрукты.","11.jpg","Французская кухня","Творог - 250 г
Сметана - 100 г
Молоко - 100 мл
Ананас консервированный (кольца) - 2 шт.
Желатин быстрорастворимый - 1 ст. ложка
Пудра сахарная - 50 г
Сахар ванильный - 8 г","1)Подготовить продукты для бланманже из творога с ананасами.
2)В молоко всыпать желатин и оставить на 10 минут для набухания.
3)Затем поставить на водяную баню и, помешивая, довести желатин до полного растворения.
4)Творог смешать со сметаной, сахарной пудрой и ванильным сахаром.Взбить погружным блендером в полностью однородную массу.
5)Влить молоко с желатином, перемешать.Кружочки ананаса нарезать мелким кубиком.Добавить ананасы в творожную массу, перемешать.
6)Разложить творожную массу по силиконовым формочкам и поставить в холодильник до полного застывания.Затем аккуратно достать творожное бланманже из формочек и подавать.
Приятного аппетита!"

"Буйабес","Французский рыбный суп буйабес по данному рецепту готовится с белой рыбой, картофелем и помидорами. Подается буйабес с гренками.","12.jpg","Французская кухня","Рыба белая (любая) (резаная кусками) - 3 кг
Картофель (резаный кружочками) - 4 шт.
Помидоры свежие (чищеные и рубленые) - 450 г
Масло оливковое - 45 г
Лук репчатый (рубленый) - 2 шт.
Лук-порей, только белая часть (рубленый) - 2 шт.
Чеснок (рубленый) - 4 зубка
Бульон рыбный или вода - 3 л
Томатная паста - 1 ст. л.
Шафран - 1 щепотка
Букет гарни (2 веточки тимьяна+2 лаврового листа+2 веточки фенхеля) - 1 шт.
Соль - по вкусу
Перец черный молотый - по вкусу
Багет (жареные ломтики, натертые чесноком) - 16 гренок
Петрушка свежая (рубленая) - 30 г
Соус айоли (по желанию)","1)Бульон или воду довести до кипения, отставить в сторону.
В большой толстостенной кастрюле на среднем огне разогреть оливковое масло, выложить весь лук, чеснок и помидоры, готовить, помешивая, до мягкого состояния.
Залить овощи бульоном или водой, добавить томатную пасту и шафран. Выложить в кастрюлю букет гарни, довести до кипения, варить пару минут.
2)Затем добавить рыбу и картофель, готовить на медленном огне 5-8 минут, выкладывая рыбу на тарелку по мере готовности (разная рыба готовится разное время). Готовить овощи до мягкого состояния картофеля. Посолить и поперчить буйабес по вкусу.
3)Картофель и рыбу выложить в порционные тарелки (можно также выложить овощи), а суп процедить через сито. Залить бульоном рыбу с картофелем, посыпать петрушкой и подавать буйабес с гренками и соусом айоли (по желанию)."

"Пышный омлет "Пуляр" на сковороде","Оригинальный способ приготовления омлета. Омлет "Пуляр" получается очень нежным и пышным.","13.jpg","Французская кухня","Яйца - 5 шт.
Молоко или сливки (по желанию) - 2 ст. ложки
Соль - по вкусу
Масло сливочное - 1 ч. ложка","1)Яйца разделить на белки и желтки.К желткам добавить щепотку соли.
При желании можно добавить молоко или сливки. Встречаются разные вариации: кто-то добавляет, кто-то - нет. Конечно, с молоком или сливками желтки будут более нежными.
2)Яичные белки взбить со щепоткой соли до плотных пиков.
3)Сковороду (диаметр моей сковороды 24 см) прогреть на умеренном огне, добавить сливочное масло.
4)Вылить в сковороду с маслом желтки, разровнять равномерным слоем по всему дну сковороды.
5)Спустя минуту выложить на желтки белковую массу. Накрыть крышкой и жарить омлет на умеренном огне примерно 7 минут, до готовности белков.
Выложить омлет "Пуляр" на блюдо для подачи. Разрезать омлет пополам, одну часть уложить на вторую, чтобы белок оказался внутри."

"Куриное филе в лимонном соусе","Аппетитная жареная курочка с ароматным лимонным соусом, приготовленным на основе сливочного масла и специй.","14.jpeg","Французская кухня","Курица филе - 700 г
Сок лимонный - 200 мл
Масло сливочное - 200 г
Чеснок - 6 зубчиков
Лук репчатый - 5 г
Петрушка - 5 г
Соль - 1 ч.л.
Перец черный молотый - 1 ч.л.
Сахар - 3 ст.л.
Лимон (кружочки) - 5 шт.
Масло растительное - 2 ст.л.","1)Лимонный сок вылить на сковороду и довести до кипения.
2)Добавить натертый на мелкой терке репчатый лук, 1/2 ч.л. соли, 1/2 ч.л. перца, 3 ст.л. сахара и варить 1 минуту.
3)Добавить сливочное масло в три приёма, постоянно помешивая.
4)Выключить огонь и добавить 5 г мелко нарезанных листьев петрушки.Филе курицы посолить и поперчить по вкусу, обжарить на среднем огне с каждой стороны по 3 минуты, до золотистой корочки.
5)Переложить курицу в форму для выпечки и полить сверху готовым лимонным соусом.Зубчики чеснока очистить и раздавить ножом. Добавить в форму с курицей кружочки лимона и зубчики чеснока.
6)Поставить куриное филе в лимонном соусе в духовку, разогретую до 180°С, запекать 10 минут. Готовую курицу посыпать листьями свежей петрушки.
Подавать курицу с овощами, рисом или картофельным пюре.
Приятного аппетита!"

"Куриные отбивные по-французски","Куриные отбивные с грибным соусом - это отличное блюдо, которое подойдет к любому гарниру.","15.jpg","Французская кухня","Отбитые куриные грудки - 750 г
Мука - 3 ст. л.
Соль - 1/2 ч. л.
Черный молотый перец - 1/4 ч. л.
Эстрагон (рубленный) - 2 ст. л.
Оливковое или другое растительное масло - 2 ст. л.
Шампиньоны (различные сорта) - 500 г
Лук шалот (порезанный) - 1 шт.
Куриный бульон - 1 стакан
Сухое белое вино - 1/4 стакана","1)На пекарскую бумагу высыпать муку, соль, перец и 1 ст. л. рубленного эстрагона. Хорошо все перемешать и обвалять в этой смеси куриные отбивные.
2)В большой сковороде разогреть на среднем огне 1 ст. л. масла. Высыпать грибы и лук, обжарить в течение 12-15 минут. Переложить в миску.
3)В той же сковороде разогреть оставшуюся 1 ст. л. масла. Обжарить отбитое мясо по 4 минуты с каждой стороны. Переложить на блюдо.
4)В ту же сковороду налить бульон, белое вино, выложить грибы и оставшуюся 1 ст. л. рубленного эстрагона. Прокипятить около 1 минуты. Подавать грибной соус с куриными отбивными, украсив измельченным эстрагоном."

"Картофельная запеканка с фаршем","Нежное пюре, сдобренное молоком и сливочным маслом, сочный мясной фарш с травами и специями.","16.jpeg","Русская кухня","Картофель - 2 кг
Фарш мясной - 500 г
Молоко - 50 мл
Лук репчатый - 150 г
Петрушка свежая - 5 г
Кинза свежая - 5 г
Масло сливочное - 80 г + для смазывания
Масло растительное - 1 ст.л.
Перец черный молотый - 1/3 ч.л.
Перец красный чили крупного помола - 1/3 ч.л.
Кориандр молотый - 1/2 ч.л.
Яйцо куриное - 1 шт.
Соль - по вкусу","1)Картофель залить водой, посолить по вкусу и отварить до готовности.
2)Разогреть сковороду, налить 1 ст. л. растительного масла, добавить мелко нарезанный репчатый лук и обжарить в течение 3 минут.
3)Добавить фарш и хорошо перемешать. Закрыть крышкой и готовить 5 минут.Всыпать черный и красный перец, кориандр и соль по вкусу. Тушить под крышкой на слабом огне 10 минут, периодически помешивая.
4)Добавить мелко нарезанную зелень петрушки и кинзы. Выключить огонь.
5)Слить воду с картофеля и приготовить пюре: размять горячий картофель, добавить 50 мл теплого молока, 80 г сливочного масла и 1 яйцо. Хорошо все перемешать до однородного состояния.
6)Форму для запеканки смазать сливочным маслом.Выложить в форму половину картофельного пюре.Затем выложить весь фарш.Закрыть сверху второй половиной картофельного пюре.
7)Верхний слой картофеля смазать сливочным маслом.Разогреть духовку до 180°С и готовить картофельную запеканку до румяной корочки, 30 минут.
Картофельная запеканка с фаршем готова.
Приятного аппетита!"

"Солянка постная с шампиньонами","Летом хочется чего-то простого, постного. Предложу простую солянку с грибами и малосольными огурчиками.","17.jpg","Русская кухня","Картофель - 3-4 шт.
Помидоры - 2-3 шт.
Морковь - 1 шт.
Лук репчатый - 1 шт.
Шампиньоны - 200 г
Огурцы малосольные - 3-4 шт.
Масло растительное - 30 г
Зелень - по вкусу
Соль - по вкусу
Перец - по вкусу
Лимон - по вкусу
Маслины - по вкусу
Вода - 2-2,5 л","1)Налить 2-2,5 л воды в кастрюлю. Поставить на огонь, довести до кипения. Пока вода греется, почистить и помыть картофель. Нарезать небольшими кусочками.
2)В кипяток опустить картофель. Варить на среднем огне 15 минут.
3)Лук репчатый почистить, помыть, нарезать кубиками.Морковь почистить, помыть, нарезать тонкой соломкой.
4)Шампиньоны помыть, нарезать тонкими пластинками.Малосольные огурцы нарезать кубиками.
5)Помидоры помыть, очистить от шкурки, натереть на крупной терке.
6)Разогреть сковороду, налить растительное масло. В горячее масло выложить лук, грибы и морковь. Тушить, помешивая, на среднем огне 5-7 минут.
7)Затем добавить тертые помидоры и огурцы. Перемешать. Тушить 3-5 минут.
8)Выложить зажарку в суп, посолить, поперчить. Варить на среднем огне 5-10 минут. Помыть и мелко нарезать зелень, добавить в солянку. Снять с огня. Дать настояться 10-20 минут.
Солянка простая постная с шампиньонами готова. Подавать с ломтиком лимона и маслинами.
Приятного аппетита!"

"Фаршированные кабачки","Аппетитные фаршированные кабачки с мясом, запечённые с морковью, луком и помидорами.","18.jpg","Русская кухня","Кабачки - 1 кг
Фарш говяжий (или фарш из птицы) - 250 г
Фарш свиной - 150 г
Помидоры - 400 г
Морковь - 200 г
Лук репчатый - 100 г
Чеснок - 30 г
Бульон мясной (или овощной) - 250 мл
Паприка сладкая молотая - 1 ч. л.
Перец черный горошком - 10 шт.
Перец черный молотый - 1/3 ч. л.
Перец красный чили - 3 стручка
Кориандр молотый - 1 ч. л.
Укроп свежий - 5 г
Петрушка свежая - 5 г
Соль - 1 ч.л.
Лавровый лист - 2 шт.
Вода - 100 мл","1)Помидоры залить кипятком, дать постоять 10 минут.
2)Нарезать мелко чеснок и лук. Измельчить зелень. Морковь разрезать пополам и нарезать тонкими пластинами.
3)Снять с помидоров кожицу и натереть на терке.
4)Добавить в помидоры кориандр, паприку, 0,5 ч. л. соли, перец горошком, измельченный чеснок, нарезанную зелень петрушки и укропа. Влить бульон. Все перемешать.
5)У кабачков срезать с двух сторон концы и вынуть с одной стороны сердцевину с семечками.
6)В мясной фарш добавить 100 мл воды, 0,5 ч. л. соли, молотый черный перец и половину нарезанного репчатого лука (50 г). Хорошо вымешать фарш руками в течение 5-7 минут.
7)В форму для запекания выложить половину моркови и половину оставшегося лука, лавровые листья и стручки острого перца.
8)Подготовленные кабачки наполнить фаршем.
9)Уложить фаршированные кабачки в форму. Сверху на кабачки с мясным фаршем выложить оставшуюся морковь и лук.Все залить помидорным соусом. Форму закрыть крышкой.
10)Разогреть духовку до 180°С и поставить фаршированные кабачки в духовку на 1 час.
Запеченные фаршированные кабачки с овощным соусом посыпать зеленью и подавать со сметаной.
Приятного аппетита!"

"Борщ станичный","Вкусный борщ, отличающийся от других борщей не ингредиентами, а самим процессом приготовления и необычной затиркой.","111.jpg","Русская кухня","Свинина – 600 г
Свекла - 1 шт.
Картофель – 450-500 г
Помидоры свежие – 3-4 шт.
Корень петрушки – половина корня (50 г)
Корень сельдерея – кусочек корня (50 г)
Морковь – 1 шт.
Лук – 1 шт.
Сладкий перец – 1 шт.
Масло сливочное или смалец – 75 г
Сало – 100 г
Чеснок – до 10 зубков (по вкусу)
Капуста – 0,5 головки
Зелень петрушки и укропа
Соль
Перец черный молотый
Лавровый лист – 2-3 шт.
Перец черный горошком – 8 шт.","1)Как приготовить станичный борщ со свининой:
Борщ варим на мясокостном бульоне. Это могут быть свиные ребра, грудинка.
Свинину залить холодной водой (3л), довести до кипения, снять пену, уменьшить огонь и варить до готовности. Из готового бульона вынуть мясо и приступить к приготовлению овощной части борща.
2)Половину свеклы нарезать соломкой и вкинуть в бульон вместе с 1/3 частью картофеля. Этот картофель для затирки бросаем целым.
3)Ошпариваем помидоры, снимаем с них шкурку и режем помидоры кубиками. Добавляем в бульон. Варим все это при слабом кипении 20 минут.
4)Вторую половину свеклы, морковь, корни сельдерея и петрушки режем или натираем мелкой соломкой. Оставшийся картофель режем брусочками.
5)В сковороде на сливочном масле или смальце приготовим пассировку из кореньев и свеклы. Добавим в нее картофель и потушим все, помешивая, 7-10 минут.
6)Для затирки вынем из бульона готовый картофель, порежем мелкими кубиками сладкий перец, лук, сало и продавим чеснок. Следуя старине, все это надо растереть в ступке.
7)Воспользуемся блендером и через несколько минут получаем вот такое пюре.Мелко нашинкуем капусту.А теперь готовую овощную пассировку выложим в бульон вместе с затиркой. Доведем до кипения и вкинем капусту, лавровый лист и перцы горошком. Посолим по вкусу. Поварим 5-7 минут и в конце всыплем рубленную зелень и вернем в борщ мясо, отделенное от костей и порезанное кусочками. Борщу дадим настояться.
В тарелку борща со свининой добавляем по желанию сметану и свежемолотый перец.
Приятного аппетита!"

"Тюря","Предлагаем вам приготовить старинное блюдо русской кухни. Тюря напоминает окрошку, а сделать тюрю можно буквально за несколько минут.","20.jpg","Русская кухня","Хлеб ржаной – 2 ломтика
Чеснок – 1 зубчик
Лук зеленый (нижняя часть) – 1 пучок
Огурец свежий – 1 шт.
Хрен столовый (готовая приправа) – 0,5 ч. ложки
Масло растительное – 1 ст. ложка
Соль – по вкусу
Перец молотый красный – по вкусу
Вода минеральная или квас – 200 мл","1)Ломтики ржаного хлеба немного подсушиваем в духовом шкафу (можно и в микроволновке). Подсушенные хлебные ломтики натираем зубчиком чеснока.
2)Затем нарезаем хлеб на кубики небольшого размера.
3)Промываем свежий зеленый лук (используем нижнюю, белую часть). Лук мелко нарезаем. Добавляем соль и немного разминаем лук руками.
4)Измельчаем свежий огурец, добавляем к луку. Добавляем хрен.
5)Немного приправляем солью, молотым перчиком, наливаем растительное масло.Добавляем хлеб.Заливаем хлеб минеральной водой (или квасом).
6)Перемешиваем ингредиенты и приступаем к дегустации тюри.
Приятной трапезы!"

"Рис с нутом, овощами и курагой","Интересно приготовить блюдо с ярким вкусом и внешним видом — рис с нутом и овощами.","21.jpeg","Индийская кухня","Рис (длиннозёрный) - 200 г
Нут - 100 г
Курага - 50 г
Перец болгарский - 60 г
Сельдерей черешковый - 80 г
Морковь - 80 г
Чеснок - 1-2 зубчика
Масло растительное - 2 ст. ложки
Куркума - 1 ч. ложка
Пряности молотые (смесь: имбирь, кориандр, зира, мускатный орех, корица, гвоздика, чёрный перец) - 1 ч. ложка
Соль - по вкусу","1)Подготовить продукты по списку. Рис лучше выбирать пропаренный или любой длиннозёрный (рассыпчатый).Если курага слишком сухая, её можно залить на 10 минут горячей водой. Затем воду слить, курагу обсушить.
2)Нут выложить в миску, залить водой и оставить на ночь при комнатной температуре. За это время нут хорошо разбухнет.
3)Спустя время нут промыть, переложить в кастрюлю, залить водой и довести до кипения. Далее варить нут на небольшом огне 2 часа, до мягкости. (С отваренного нута слить оставшуюся воду.)
4)В отдельную кастрюлю или сотейник влить 400 мл воды, довести до кипения. Кипяток посолить, добавить куркуму и всыпать рис. После закипания огонь убавить, накрыть кастрюлю крышкой и готовить рис на тихом огне 15-20 минут.
5)Спустя время морковь очистить, сполоснуть и обсушить. Перец очистить от семян и внутренних перегородок. Нарезать морковь, перец и сельдерей небольшими кусочками, кубиками или полосками.
6)В сковороде разогреть масло, выложить нарезанные овощи и обжаривать 4-5 минут, помешивая. Курагу нарезать небольшими кусочками. Чеснок очистить и мелко нарезать.
7)К варёному нуту переложить отваренный рис, добавить пряности (смесь: имбирь, кориандр, зира, мускатный орех, корица, гвоздика, чёрный перец), соль, обжаренные овощи, курагу и чеснок.
8)Перемешать всё, прогреть 2 минуты на небольшом огне, помешивая.
9)Рис с нутом и овощами готов. Разложить блюдо по тарелкам, каждую порцию можно украсить свежей зеленью.
Приятного вам аппетита!"

"Карри из баклажанов","Лёгкое по составу и приготовлению блюдо – карри из баклажанов А добавление сливок делает вкус мягким, бархатным.","22.jpg","Индийская кухня","Баклажаны - 1 кг
Помидоры - 350 г
Лук репчатый - 140 г
Перец болгарский красный - 120 г
Чеснок - 3-4 зубчика
Имбирь свежий (корень) - 15 г
Сливки жирностью 18 % - 150 мл
Масло оливковое - 30 мл (2 ст. ложки)
Масло растительное - 50 мл (3 ст. ложки)
Перец чёрный молотый - 0,5 ч. ложки
Соль - 1 ч. ложка
Паприка сладкая молотая - 1 ч. ложка
Кориандр молотый - 1 ч. ложка
Тмин молотый - 1 ч. ложка
Перец красный острый хлопья - 1/3 ч. ложки
Куркума молотая - 1/2 ч. ложки","1)Подготовьте продукты для запекания баклажанов. Плоды берите упругие, плотные, с зелёными хвостиками.
Включите духовку для разогрева до 200 градусов.
2)Баклажаны обрежьте по краям с двух сторон. Разрежьте каждый баклажан вдоль на 4 части, а затем нарежьте некрупными кубиками.
3)Выложите баклажаны на противень, выстеленный пергаментом для выпечки. Сбрызните оливковым маслом, посолите (0,75 ч. ложки), поперчите (0,25 ч. ложки).
Отправьте баклажаны в разогретую до 200 градусов духовку на 20 минут.
4)Пока запекаются баклажаны, подготовьте ингредиенты для соуса. Количество специй и пряностей регулируйте по своему вкусу.
Чили хлопьями можно заменить свежим перцем по вкусу.
Очистите овощи и имбирь, отмерьте пряности.
5)Репчатый лук нарежьте мелкими кубиками, болгарский перец – крупными кусочками.
6)Всыпьте паприку, кориандр, тмин, чёрный перец (0,25 ч. ложки) и куркуму, перемешайте и обжарьте 1 минуту, чтобы пряности раскрыли свой вкус и аромат.Сладкий перец выложите в сковороду, перемешайте. Обжарьте 3-4 минуты.
7)Влейте 250 мл горячей воды. Тушите 5-7 минут, до мягкости сладкого перца.
8)Тем временем баклажаны приготовились: они уменьшились в объёме, влага выпарилась.Переложите запечённые баклажаны в сковороду, перемешайте. Накройте сковороду крышкой и тушите содержимое 10 минут на слабом огне.
9)Затем влейте в сковороду сливки. (В индийской кухне для карри используют кокосовое молоко.)Накройте крышкой и тушите всё ещё 10 минут. Попробуйте, досолите (0,25 ч. ложки) по вкусу.
10)Карри из баклажанов готово. Такое пряное и острое блюдо отлично сочетается со свежей зеленью мяты или петрушки.
Карри может выступать и закуской на кусочке хлеба, самостоятельным блюдом и ярким гарниром.
Приятного аппетита!"

"Тушеная капуста по-индийски","У вас появился шанс приготовить настоящее индийское блюдо. Капуста  тушится с зеленым горошком, помидорами и специями","23.jpg","Индийская кухня","Капуста белокочанная - 500 г
Горошек зелёный замороженный - 1 стакан
Лавровый лист - 2 шт.
Семена тмина - 1/2 ч.ложки
Чеснок - 5 зубчиков
Имбирь - 25 г
Перец чили - 2 шт.
Лук репчатый средний - 2 шт.
Помидоры крупные - 2 шт.
или помидоры мелкие - 4 шт.
Куркума молотая - 1/2 ч.ложки
Перец чили красный – 1/3 ч.ложки
Кориандр молотый – 1/2 ч.ложки
Тмин молотый - 1/3 ч.ложки
Гарам масала (порошок) - 1/3 ч.ложки
Масло растительное - 4 ст.ложки
Соль - по вкусу","1)Чеснок измельчить. Чеснок измельчить.
Помидоры нарезать произвольно, но не очень мелко.
2)Помидоры нарезать произвольно, но не очень мелко.
3)У перца отрезать плодоножку и нарезать колечками вместе с семенами.
4)Нарезать капусту.Нагреть растительное масло в сковороде, положить лавровый лист, семена тмина, перец чили и обжарить в течение 40-60 секунд.
5)Добавить нарезанный имбирь и чеснок, обжарить в течение 2 минут на среднем огне.Добавить нашинкованный лук и обжарить до золотистого цвета на среднем огне 2 минуты.
6)Добавить куркуму, красный перец чили, тмин, кориандр, смешать специи и обжарить их в течение 1 минуты на слабом огне.
7)Добавить нарезанные помидоры и жарить, пока они не станут мягкими, 3-4 минуты.Добавить зелёный горошек.
8)Добавить нарезанную капусту и соль по вкусу, перемешать. Накрыть кастрюлю и тушить в течение 15 минут на слабом огне, время от времени помешивая.
9)Добавить порошок гарам масала, накрыть кастрюлю крышкой и тушить на слабом огне в течение 1 минуты.
Тушеная капуста по-индийски готова.
Приятного аппетита!"

"Дхансак с креветками","Индийское блюдо дхансак готовится с чечевицей. Дхансак может быть куриным,с мясом барашка, или с креветками.","24.jpg","Индийская кухня","Чечевица красная — 350 г
Соль
Перец черный молотый
Масло растительное — 2 ст. л.
(или 1 ст. л. топленого масла)
Целые коробочки кардамона (раздавите) — 6 шт.
Семена горчицы — 3 ч. л.
Порошок чили — 2 ч. л.
Куркума — 2 ч. л.
Корица — 2 ч. л.
Лук репчатый (мелко нарежьте) — 2 шт.
Имбирь свежий (очистите и мелко нарежьте) — 1 корень (10 см)
Чеснок (мелко нарежьте) — 4 зубка
Перец чили зеленый (очистите от семян и тонко нарежьте) — 3-4 шт.
Креветки сырые (очистите) — 675 г
Ананас свежий (очистите и нарежьте кусочками) — 1 шт.
Помидоры (очистите от кожицы и нарежьте)— 8 шт.
Кинза — 1 жменька","1)Выложите чечевицу в кастрюлю с толстым дном, хорошо посолите, поперчите и залейте водой. Доведите до кипения, уменьшите огонь и варите чечевицу до мягкости (если нужно, добавьте горячей воды). Слейте
2)Тем временем разогрейте 1 ст. л. растительного масла (или ½ ложки топленого масла) в сковороде. Добавьте сушеные пряности и готовьте, постоянно помешивая, 2 минуты. Вмешайте лук, имбирь, чеснок и чили. Готовьте 5 минут (до мягкости).
3)Добавьте в сковороду оставшееся масло, а затем креветки. Увеличьте огонь и готовьте, периодически помешивая, 6-8 минут, чтобы креветки стали розовыми.
Добавьте кусочки ананаса, чечевицу, помидоры и немного горячей воды, чтобы блюдо было слегка жидковатым. Тушите 5 минут. Добавьте соль и перец по вкусу, мелко нарезанную кинзу и подавайте к столу.
Приятного аппетита!"

"Чечевица в пряном томатном соусе","Очень ароматное и вкусное блюдо из чечевицы . Чечевица тушится с луком и помидорами,приобретая яркий насыщенный вкус","25.jpg","Индийская кухня","Чечевица зелёная - 225 г
Помидоры консервированные в с/с - 200 г
Лук репчатый - 120 г
Имбирь - 15 г (в очищенном виде)
Чеснок - 2 зубчика
Гвоздика сушёная - 3 бутона
Лавровый лист - 2 шт.
Карри - 10 г (1-1,5 ст. ложки)
Масло оливковое - 45 мл (3 ст. ложки)
Соль - 0,75 ч. ложки (по вкусу)
Перец чёрный свежемолотый - щепотка","1)Подготавливаем необходимые продукты. Ещё понадобится 500 мл горячей воды.
Если помидоры в собственном соку неочищенные, снимите с них кожицу.
Лук, чеснок и корень имбиря очищаем.
2)Лук нарезаем небольшими кубиками.Чеснок и корень имбиря измельчаем ножом.
3)В толстостенной кастрюле (или казанке) разогреваем оливковое масло и обжариваем лук, чеснок и имбирь до золотистого оттенка, примерно 5 минут на среднем огне.
4)Добавляем карри и обжариваем всё 1 минуту, помешивая.Консервированные помидоры нарезаем очень мелко и вместе с соком отправляем в кастрюлю.
5)Добавляем лавровые листики и гвоздику.Перемешиваем и готовим соус 2-3 минуты.Чечевицу промываем, добавляем в кастрюлю.
6)Варим на небольшом огне до мягкости чечевицы, 30-40 минут. Если вода впиталась, а чечевица еще не готова, можно подлить немного горячей воды.
За 5-7 минут до конца приготовления добавляем соль и чёрный молотый перец, перемешиваем.
Чечевица в пряном томатном соусе готова.
Можно подавать блюдо к столу. Приятного аппетита!"

"Лапша удон с курицей в соусе терияки","Приготовьте знаменитую лапшу, такую же, как в японском ресторане, дома всего за 25 минут.","26.jpeg","Японская кухня","Грудка куриная - 400 г
Лапша удон - 200 г
Перец сладкий - 120 г
Морковь - 70 г
Лук репчатый - 70 г
Чеснок - 10 г
Корень имбиря - 20 г
Перец красный чили - по вкусу
Лук зелёный - 15 г
Масло растительное - 3 ст. ложки
Соус терияки - 120 г
Соус соевый - 50 г
Соль - по вкусу
Перец чёрный молотый - 1 ч. ложка
Кунжут обжаренный - 1 ч. ложка","1)Куриную грудку нарезать небольшими полосками, посолить и поперчить (по 1/2 ч. ложки) – это сделает вкус куриного мяса более насыщенным.
2)Корень имбиря очистить и мелко нарезать.Хорошо разогреть сковороду, налить растительное масло и обжарить имбирь 1-2 минуты на среднем огне.
3)Добавить в сковороду кусочки курицы и обжарить 5 минут на среднем огне, до золотистости, иногда помешивая.Репчатый лук очистить и мелко нарезать.
4)Добавить лук в сковороду с курицей и обжарить 2 минуты на среднем огне.Морковь очистить и нарезать мелкой длинной соломкой.
5)Добавить морковь в сковороду к курице и луку. Обжарить еще 2 минуты.В кастрюле нагреть воду, подсолить (1/2 ч. ложки) и отварить лапшу удон согласно инструкции на упаковке.
6)Сладкий перец очистить от семян и плодоножки и нарезать продольными полосками.Добавить сладкий перец в сковороду. Обжаривать 1 минуту на среднем огне.
7)Добавить в сковороду чеснок.Красный перец чили нарезать колечками и тоже добавить в сковороду. Перемешать.
Добавить соевый соус и соус терияки, перемешать.
8)Добавить в сковороду соль по вкусу, оставшийся чёрный молотый перец и 100 мл воды. Перемешать и накрыть крышкой. Тушить курицу с овощами в соусе терияки 1 минуту.
9)Слить воду, в которой варилась лапша удон, и промыть лапшу под проточной холодной водой. Добавить лапшу в сковороду с курицей и овощами. Тщательно перемешать, накрыть крышкой и готовить лапшу удон с курицей и овощами в соусе терияки 1-2 минуты на слабом огне.
10)Выключить плиту. Добавить в сковороду зелёный лук и перемешать. Посыпать кунжутом.
Лапша удон с курицей и овощами в соусе терияке готова.
Приятного аппетита!"

"Рис с курицей, овощами и яйцом","Блюдо из риса по мотивам японской кухни. Отварим рис отдельно курицу, приправив соусом.","27.jpg","Японская кухня","Рис круглозёрный - 150 г
Куриное филе - 300 г (1 шт.)
Брокколи - 150 г
Перец болгарский красный - 140 г (1 шт.)
Лук репчатый - 100 г (1 шт.)
Морковь - 80 г (1 некрупная)
Чеснок - 1 зубчик
Яйцо - 1 шт.
Соевый соус - 1 ст. ложка
Соус терияки - 1,5 ст. ложки
Масло растительное - 60 мл (4 ст. ложки)
Лук зелёный - 2-3 шт.
Соль - по вкусу
Перец чёрный молотый - по вкусу","1)Рис тщательно промываем, заливаем в кастрюле водой (250 мл), ставим на огонь, доводим до кипения. Затем огонь уменьшаем до минимума, воду солим (1/5 ч. ложки).
2)Готовим под крышкой 15-20 минут, до впитывания воды и готовности риса.
3)Тем временем лук, морковь и сладкий перец очищаем. Брокколи разбираем на мелкие соцветия. Лук, морковь и перец нарезаем мелкими кубиками.
4)Куриное филе нарезаем некрупными кусочками. В сковороде разогреваем растительное масло (2 ст. ложки), выкладываем филе и обжариваем 3-4 минуты на среднем огне, пока куриное мясо не изменит цвет.
5)Вливаем в сковороду соус терияки.Обжариваем кусочки курицы около 5 минут, немного солим (щепотка). Готовую курицу перекладываем на тарелку. Сковороду вымываем.
6)В сковороде разогреваем оставшееся масло (2 ст. ложки), выкладываем лук, сладкий перец, брокколи и морковь. Обжариваем, периодически помешивая, 4-5 минут, до небольшой мягкости.
Добавляем чеснок, очищенный и пропущенный через пресс, соль и перец (по 1-2 щепотки). Перемешиваем, обжариваем овощи ещё 2-3 минуты (или до желаемой мягкости).
7)Затем овощи отодвигаем на край сковороды. Вбиваем яйцо, присаливаем (щепотка).
8)Зелёный лук нарезаем колечками. Отваренный рис перекладываем в сковороду, добавляем обжаренную курицу и половину зелёного лука. Вливаем соевый соус.
9)Перемешиваем и прогреваем всё 2 минуты.
Рис с курицей, овощами и яйцом посыпаем оставшимся зелёным луком и подаём.
Приятного вам аппетита!"

"Японские пельмени Яки гедза","Японские пельмени гёдза  с мясным фаршем, овощами, имбирем, соевым соусом, по вкусу получаются сочными.","28.jpg","Японская кухня","Мука - 1,5 стакана
Вода - 0,5 стакана
Крахмал кукурузный - 1 ст. ложка
Соль - 0,5 ч. ложки
Фарш мясной - 300 г
Капуста пекинская - 7 листьев
Лук репчатый - 1 шт.
Чеснок - 1 зубчик
Соус соевый - 2 ст. ложки
Водка - 1 ч. ложка
Масло растительное - 1 ст. ложка
Крахмал кукурузный - 1 ст. ложка
Сахар - 1 ч. ложка
Имбирь молотый - 1 ч. ложка
Перец черный молотый - 1 ч. ложка","1)Лук и чеснок мелко нарежем.
В мясной фарш добавим лук, чеснок, сахар, молотый перец, имбирь.Нальем водку.Добавим соевый соус.
Добавим растительное масло.Всыплем крахмал.В завершении выложим мелко нарезанную пекинскую капусту. Всё тщательно перемешаем.
2)В другой глубокой миске соединим муку, соль, воду и кукурузный крахмал. Интенсивно все перемешаем.
Полученное тесто тонко раскатаем и выдавим стаканом кружочки.
3)На каждый кружок выложим начинку.
4)Хорошо скрепим края теста. Я скрепила края обычным способом, но японские пельмени отличаются способом лепки: с одной стороны кружка теста по краю нужно сделать складки, а другая сторона должна остаться ровной, а затем края теста скрепляются. Каждую складочку прижимают, чтобы пельмени не расклеивались.
Выложим пельмени швом кверху на разогретую сковороду с маслом и обжарим их в течение 2-х минут до румяности с нижней стороны.
5)Затем аккуратно добавим в сковороду кипяток, накроем крышкой и потушим пельмени на сковороде 15 минут.
Подадим японские пельмени к столу."

"Азиатский суп Кимчи Рамен","Интересный суп для любителей азиатской кухни - с лапшой рамен, капустой кимчи, имбирем и нори.","29.jpeg","Японская кухня","Курица - 900 г
Морковь - 200 г
Лук репчатый - 200 г
Чеснок - 10 зубчиков
Яйца - 6 шт. (1 яйцо на порцию)
Тимьян - по вкусу
Соль - по вкусу
Лавровый лист - 1 шт.
Петрушка свежая - 2 веточки
Лук зеленый - 1 пучок
Лапша рамен - по вкусу
Капуста кимчи - по вкусу
Имбирь - по вкусу
Кунжут - по вкусу
Смесь 5 перцев - по вкусу
Масло растительное - для жарки
Нори - по вкусу","1)Берем полутушку курицы (срезаем все мясо с целой и оставляем только скелет и грудку), кладем ее на противень, вокруг нее раскладываем 100 г моркови и 100 г лука, предварительно крупно нарезав их.
2)Сверху на курицу кладем веточку петрушки, посыпаем крупно нарезанным зубчиком чеснока и отправляем курицу запекаться в предварительно нагретую до 180 градусов духовку до готовности.
3)Пока курица запекается, мы приготовим соус. Семена кунжута немного размять при помощи скалки или в специальной ступке. (Количество кунжута зависит от ваших вкусовых предпочтений.)
4)Высыпаем кунжут в небольшую кастрюльку, добавляем к нему половину пучка нарезанного зеленого лука, 5-6 зубчиков мелко рубленного чеснока, заливаем все растительным маслом до кашицеобразной консистенции и жарим на небольшом огне до мягкости чеснока (по времени приблизительно 3-6 минут).
5)Когда чеснок приготовится, выключаем газ и отправляем в соус смесь пяти перцев, тщательно перемешиваем. Наш соус готов.
6)Варим яйца всмятку.Варим лапшу рамен до полуготовности.
7)Когда курица запечется, снимаем с нее все мясо, а скелет заливаем водой (количество воды из расчета 200-250 мл на порцию), добавляем оставшиеся крупно нарезанные овощи, петрушку, чеснок, солим по вкусу и варим бульон до готовности (приблизительно 30-40 минут).
8)После того, как бульон приготовится, можно приступать к сборке супа. Как известно, многие азиатские супы собираются прямо в тарелке. В порционную тарелку кладем лапшу рамен по вкусу.
9)Добавляем нарезанное на порционные кусочки мясо, несколько кусочков капусты кимчи, разрезанное пополам яйцо, приготовленный нами соус, кусочки листиков нори, мелко рубленный зеленый лук и заливаем все бульоном. Сразу же подаем к столу.
Приятного аппетита! Радуйте себя и своих близких!"

"Жареные овощи с соевым соусом","Надоели обычные гарниры? Хочется вкусненького? Предложим жареные овощи с соевым соусом. Вкусно и полезно.","30.jpg","Японская кухня","Капуста цветная - 200 г
Фасоль стручковая - 150 г
Шампиньоны - 100 г
Морковь - 2 шт.
Перец болгарский - 1-2 стручка
Лук красный - 1 шт.
Масло соевое - 2 ст. ложки
Соус соевый - 1 ст. ложка
Уксус рисовый - 1 ч. ложка","1)Цветную капусту вымыть, разобрать на соцветия.Фасоль вымыть, нарезать небольшими кусочками.
Грибы промыть, нарезать ломтиками.Морковь очистить, вымыть, нарезать брусочками. Лук очистить, вымыть, нарезать полукольцами.
Болгарский перец вымыть, удалить плодоножки и семена, нарезать кусочками.
2)Разогреть сковороду, налить масло. В горячее масло выложить морковь и грибы. Морковь и грибы жарить на сковороде в масле 5 минут,помешивая, на среднем огне.
Затем добавить остальные овощи. Перемешать.
3)Овощи жарить до готовности на небольшом огне, под крышкой (10-15 минут).
4)Смешать соевый соус с уксусом. Полить овощи соевым соусом, смешанным с рисовым уксусом, перемешать, снять с огня.
5)Жареные овощи с соевым соусом готовы.
Овощи слегка охладить и разложить по тарелкам.
Приятного аппетита!"

"Макароны с копчёными колбасками в соусе","Хотите рецепт идеального ужина? Макароны с копчёными колбасками и  соусом из сливок и помидоров готовятся быстро.","31.jpeg","Итальянская кухня","Макароны - 200 г
Колбаски копчёные (или копчёная колбаса) - 100 г
Помидор - 180 г (1 шт.)
Сливки жирностью 20 % - 150 мл
Сыр твёрдый - 100 г
Лук репчатый фиолетовый - 60 г (0,5 шт.)
Чеснок - 1 зубчик
Соль - 1 ч. ложка
Перец чёрный молотый - щепотка
Базилик сушёный - 0,5 ч. ложки
Масло растительное - 30 мл (2 ст. ложки)
Кинза свежая (или петрушка свежая) - 1-2 веточки","1)Подготовьте все ингредиенты. Макароны можно использовать любой формы, но обязательно из твёрдых сортов пшеницы. Так они не разварятся в соусе и сохранят свою упругость.Вместо копчёных колбасок (у меня мини-салями) можно использовать любую копчёную колбасу.
Лук и чеснок очистите и промойте.
2)Чеснок мелко порубите.Репчатый лук нарежьте мелкими кубиками.
3)Колбаски нарежьте тонкими слайсами (кружочками).
4)Разогрейте в глубокой сковороде растительное масло, добавьте лук, чеснок и копчёные колбаски. Обжаривайте 3-4 минуты, помешивая.
5)Помидор залейте кипятком и оставьте на 1 минуту, затем снимите тонкую кожицу.
6)Нарежьте томат мелкими кубиками.Добавьте помидор в сковороду к луку, чесноку и колбаскам. Обжарьте 1-2 минуты, до мягкости кусочков помидора.
7)В сковороду влейте сливки, добавьте базилик, соль (0,5 ч. ложки), чёрный молотый перец и готовьте на среднем огне ещё 7-8 минут. Соус слегка выпарится и станет более густым.
Пока готовится соус, отварите макароны. Для этого 1,5 л воды доведите до кипения. Всыпьте в кипящую воду 0,5 ч. ложки соли и макароны. Ещё раз доведите до кипения и варите макароны на небольшом огне до готовности, 10-12 минут (или согласно времени, указанному на упаковке).
8)Сыр натрите на крупной тёрке и добавьте к макаронам. Перемешайте и прогрейте блюдо в сковороде 1 минуту, чтобы сыр расплавился.
9)Макароны с копчёными колбасками в томатно-сливочном соусе готовы. Подавать такое блюдо нужно сразу, пока сыр плавится и аппетитно тянется за вилкой.
10)Переложите макароны в сервировочную тарелку, добавьте свежую зелень петрушки или кинзы. Сытное, аппетитное блюдо приготовлено в домашних условиях за каких-то 30 минут!
Простое блюдо, а результат получается таким, что на тарелках не остаётся ни крошки!
Приятного аппетита!"

"Баклажаны Пармиджано","Баклажаны Пармиджано - невероятно вкусное и очень сытное блюдо, настоящее лакомство для любителей баклажанов и сыра.","32.jpg","Итальянская кухня","Баклажаны - 3 шт.
Помидоры - 2-3 шт.
Лук репчатый - 1 шт.
Сыр моцарелла - 250 г
Сыр пармезан - 20 г
Грибы шампиньоны (при наличии) - 5-6 шт.
Масло растительное - 3-5 ст. ложек
Сухари панировочные - 3-4 ст. ложки
Мука пшеничная - 3-4 ст. ложки
Чеснок - 1-2 зубка
Орегано сушеный - 1 щепотка
Соль - по вкусу
Сахар - по вкусу
Перец черный молотый - по вкусу","1)Подготовьте все необходимые продукты для баклажанов Пармиджано (запеченных баклажанов с сыром и томатным соусом).
Овощи нужно помыть, обсушить.
2)Баклажаны нарежьте кружочками, толщиной 0,5 см, посолите, дайте горечи стечь вместе с солью.
3)Обваляйте баклажаны в муке, обжарьте на растительном масле до готовности, выложите на бумажное полотенце, чтобы ушло лишнее масло.
Обжарьте нарезанный лук на растительном масле до прозрачности.
4)Помидоры очистите от кожицы, измельчите, добавьте в сковороду. Готовьте соус минут 5. Следом добавьте нарубленный чеснок и щепотку орегано. Посолите томатный соус по вкусу и поперчите. Если помидоры кисловаты, добавьте немного сахара по вкусу. Через минуту-другую выключите огонь и дайте соусу чуть остыть.
5)На дно формы для запекания выложите половину томатного соуса.
6)На соус выложите слой обжаренных баклажанов.
7)Блюдо щедро посыпьте натертой моцареллой.Последним слоем выложите оставшийся томатный соус по центру так, чтобы по бокам были немного видны баклажаны и сыр.Разогрейте духовку до 180 градусов и запекайте баклажаны с сыром и томатным соусом в режиме верхнего и нижнего нагрева 20 минут.
8)На мелкой терке натрите сыр пармезан, смешайте его с сухарями. Посыпьте запеканку из баклажанов пармезаном с сухарями и готовьте в духовке еще 10 минут.
Баклажаны Пармиджано подают горячими, пока сыр не остыл. Идеально к запеканке из баклажанов с сыром подходит кусок свежайшей чиабатты или фокаччи и бокал хорошего вина.
Приятного!"

"Паста Примавера с курицей","По этому быстрому рецепту за несколько минут готовится разноцветное аппетитное блюдо.","33.jpg","Итальянская кухня","Макароны короткие (спиральки) – по объему примерно 2 стакана
Куриное филе – 500 г
Чеснок – 2 зубчика
Масло сливочное – 2 ст. ложки
Овощная смесь замороженная (с брокколи и цветной капустой) – 500 г
Сливки жирные – 150 мл
Сыр твёрдый (пармезан), натертый на терке - 3/4 стакана
Соль – 1 ч. ложка
Перец молотый – 1/4 ч. ложки","1)Макароны отварите до готовности по инструкции на упаковке.
2)Куриное филе нарежьте кубиками.
3)На разогретой сковороде с растопленным сливочным маслом слегка обжарьте курицу с чесноком, выдавленным через пресс.
4)Добавьте замороженные овощи и сливки в сковороду. Готовьте до тех пор, пока овощи не станут мягкими.
5)Добавьте в сковороду макароны, тертый сыр, соль и перец. Перемешайте и прогрейте все продукты."

"Паста Карбонара","Легендарная паста карбонара. Не слушайте никого, в настоящей карбонаре не бывает сливок.","34.jpeg","Итальянская кухня","Спагетти - 400 г
Грудинка варено-копчёная - 200 г
Яйцо куриное - 1 шт.
Желтки - 3 шт.
Сыр пармезан - 75 г
Масло сливочное - 2 ст.ложки
Масло оливковое - 1 ст.ложка
Чеснок - 2 зубчика
Соль - по вкусу
Перец черный - по вкусу","1)Разогреть сковороду, растопить 1 ст. ложку сливочного масла и отправить туда грудинку.
Добавить 2 зубчика чеснока, предварительно раздавленных ножом. Грудинку обжаривать на маленьком огне 10 минут, из неё должен вытопиться жир, но она должна остаться мягкой. После обжаривания чеснок убрать.
2)В кипящую воду добавляем 1 ст. ложку соли, 1 ст. ложку оливкового масла и спагетти. Варим так, как указано на упаковке спагетти, - важно соблюдать указанное время варки, чтобы сварить спагетти правильно.
3)У трёх яиц отделить белки от желтков. Отправить в миску 3 желтка и одно яйцо с белком, посолить и поперчить (по 1 щепотке), хорошо взбить и добавить 2 ст. ложки натертого сыра. Перемешать.
4)Готовые спагетти откинуть на дуршлаг, предварительно оставив 1,5 стакана воды, в которой они варились.
5)Выключить огонь под сковородой с грудинкой, отправить туда спагетти, добавить 1 ст. ложку сливочного масла и вылить взбитые яйца с сыром.
6)Все тщательно перемешать, постепенно добавить 1 стакан воды от спагетти и 2 ст. ложки сыра, постоянно перемешивая, чтобы яйца не свернулись.
Распределить спагетти по тарелкам, сверху добавить грудинку, посыпать черным молотым перцем и тертым сыром. Паста карбонара готова."

"Паста альфредо в сливочно-сырном соусе","Предлагаем немного разнообразить данное блюдо и добавить ветчину и зеленый горошек.","35.jpg","Итальянская кухня","Макароны (паста) типа длинной лапши (тальятелле и т.п.) — 70 г
Ветчина — 80 г
Сыр твёрдый (пармезан) — 30 г
Горошек зеленый (замороженный) — 30 г
Сливки 20 % — 70 мл
Масло сливочное — 20 г
Мускатный орех молотый — по вкусу
Соль — по вкусу
Перец черный молотый — по вкусу","1)Подготовьте необходимые ингредиенты. Пасту выбирайте на свое усмотрение: фетучини, тальятелле, баветте, лингвини. Подойдет любая плоская паста типа лапши. Пармезан не рекомендую заменять другим сыром, так как он дает густоту соусу и вкус готовому блюду.
2)Вскипятите в кастрюле воду. Подсолите и доведите до кипения. В кипящую воду опустите пасту. Перемешайте. Доведите до кипения. Варите до готовности, согласно инструкции на упаковке, на 1 минуту уменьшив приготовление. Я готовила 9 минут из 10 указанных на упаковке. В процессе кипения, периодически перемешивайте, чтобы паста не прилипла ко дну.
3)Пасту откиньте на дуршлаг, чтобы стекла лишняя жидкость. Немного отвара оставьте для соуса, если понадобится.
4)Горошек у меня прямо из морозилки. Я залила его кипятком на 10 минут. Если горошек очень молодой, можно заранее достать из морозилки и разморозить. Если горошек после разморозки плотный, протушите его в несоленой воде до мягкости и откиньте на сито.
5)Ветчину нарежьте небольшими пластинками.В глубокой сковороде растопите сливочное масло. Добавьте зеленый горошек и ветчину. Готовьте на небольшом огне 1-2 минуты, помешивая.Влейте сливки.
6)Прогрейте пару минут на небольшом огне, до загустения соуса. Если соус очень густой, можно разбавить отваром от пасты до желаемой густоты.Приправьте соус по вкусу солью и молотым черным перцем, перемешайте.
Выложите на тарелку. Посыпьте оставшимся тертым пармезаном и сразу подавайте к столу.
Приятного аппетита!"





















